name,params,epochs,batch,optimizer,train_acc,val_acc,best_val_acc,best_epoch,test_acc,test_loss,gap_train_val,time_s
01_baseline,1676842,25,128,adam,0.8737,0.801,0.801,25,0.7902,0.6904,0.0727,147
02_dense_cifar10,2712522,25,128,adam,0.5905,0.4866,0.4996,13,0.4802,1.5732,0.1039,53
03a_1block,4210090,25,128,adam,0.9316,0.73,0.738,18,0.7175,1.1242,0.2016,113
03b_2blocks,2168362,25,128,adam,0.8931,0.7992,0.8006,20,0.7823,0.728,0.0939,145
03c_3blocks,1341226,25,128,adam,0.8588,0.814,0.8154,17,0.8097,0.6171,0.0448,167
04a_k5_all,1850666,25,128,adam,0.834,0.7868,0.7868,25,0.7736,0.7162,0.0472,277
04b_k7_all,2614826,25,128,adam,0.7524,0.677,0.678,22,0.671,1.0388,0.0754,356
04c_k7_first,1345066,25,128,adam,0.8241,0.7794,0.7884,24,0.7723,0.6925,0.0447,181
04d_k5_first,1342762,25,128,adam,0.847,0.807,0.8122,23,0.7957,0.6527,0.04,169
05a_f16_32_64,602010,25,128,adam,0.7858,0.7888,0.7912,23,0.7784,0.6636,-0.003,123
05b_f64_128_256,3248202,25,128,adam,0.8965,0.8332,0.8332,25,0.8193,0.6567,0.0633,282
06a_drop_none,3248202,25,128,adam,0.9847,0.7838,0.7838,25,0.7746,1.6842,0.2009,258
06b_drop_weak,3248202,25,128,adam,0.9569,0.803,0.803,25,0.7926,0.9815,0.1539,266
06c_drop_strong,3248202,25,128,adam,0.8264,0.8196,0.8296,22,0.8094,0.5907,0.0068,266
06d_batchnorm,3251786,25,128,adam,0.9031,0.8428,0.8428,25,0.8382,0.5981,0.0603,313
06e_l2_1e-4,3248202,25,128,adam,0.8553,0.8296,0.8296,25,0.8169,0.7761,0.0257,270
07a_dense_none,1189962,25,128,adam,0.9716,0.8392,0.8486,22,0.8334,0.6812,0.1324,310
07b_dense_128,1674698,25,128,adam,0.657,0.753,0.753,25,0.7328,0.8254,-0.096,312
07c_dense_256,2200394,25,128,adam,0.8575,0.8478,0.8504,24,0.8364,0.561,0.0097,305
07d_dense_1024,5354570,25,128,adam,0.9241,0.8336,0.8566,20,0.8285,0.672,0.0905,313
07e_dense_512_256,3380554,25,128,adam,0.891,0.827,0.838,23,0.8199,0.5709,0.064,310
08_epochs_ep20,2200394,20,128,adam,0.8047,0.8274,0.8332,19,0.8135,0.6138,-0.0227,251
08_epochs_ep25,2200394,25,128,adam,0.8564,0.834,0.8424,23,0.8241,0.6028,0.0224,318
08_epochs_ep30,2200394,30,128,adam,0.9057,0.8662,0.8662,30,0.849,0.5495,0.0395,376
08_epochs_ep50,2200394,50,128,adam,0.9656,0.8682,0.8766,49,0.8645,0.6903,0.0974,600
08_epochs_ep75,2200394,75,128,adam,0.9839,0.8824,0.8824,75,0.8736,0.7093,0.1015,880
08_epochs_ep100,2200394,100,128,adam,0.9871,0.8814,0.8824,75,0.8721,0.7818,0.1057,1170
09a_batch32,2200394,30,32,adam,0.9559,0.8666,0.8666,30,0.8565,0.6197,0.0893,575
09b_batch64,2200394,30,64,adam,0.9405,0.8502,0.8552,27,0.8394,0.6819,0.0903,415
09c_batch256,2200394,30,256,adam,0.8029,0.8254,0.8254,30,0.8185,0.6436,-0.0225,379
09d_batch512,2200394,30,512,adam,0.6118,0.7606,0.7606,30,0.7478,0.8036,-0.1488,380
10a_sgd,2200394,30,128,SGD,0.7645,0.755,0.7574,28,0.7517,0.7296,0.0095,352
10b_sgd_momentum,2200394,30,128,SGD,0.8897,0.8412,0.8452,29,0.8354,0.5732,0.0485,351
10c_rmsprop,2200394,30,128,RMSprop,0.9542,0.856,0.8602,28,0.8502,0.7214,0.0982,351
11a_final_drop25_50,2200394,75,128,adam,0.9823,0.8766,0.8766,75,0.8695,0.7408,0.1057,862
11b_final_drop40_60,2200394,75,128,adam,0.9618,0.8786,0.8804,62,0.8743,0.5529,0.0832,891
