файл,справжній,розпізнано,впевненість,друга версія,вірно,у топ-3,тип
bird1,птах,птах,1.0,літак (0%),True,True,типове
bird2,птах,птах,0.864,олень (9%),True,True,складне
car1,автомобіль,автомобіль,0.927,вантажівка (7%),True,True,типове
car2,автомобіль,автомобіль,1.0,вантажівка (0%),True,True,типове
cat1,кіт,кіт,0.824,собака (16%),True,True,типове
cat2,кіт,кінь,0.923,собака (5%),False,False,типове
deer1,олень,олень,1.0,птах (0%),True,True,типове
deer2,олень,олень,1.0,птах (0%),True,True,типове
dog1,собака,кінь,0.529,собака (29%),False,True,типове
dog2,собака,собака,0.847,кінь (15%),True,True,типове
frog1,жаба,жаба,1.0,птах (0%),True,True,типове
frog2,жаба,птах,0.951,жаба (5%),False,True,складне
horse1,кінь,кінь,0.585,олень (27%),True,True,типове
horse2,кінь,кінь,1.0,олень (0%),True,True,складне
plane1,літак,літак,1.0,корабель (0%),True,True,типове
plane2,літак,літак,1.0,птах (0%),True,True,складне
ship1,корабель,корабель,1.0,літак (0%),True,True,типове
ship2,корабель,корабель,1.0,літак (0%),True,True,типове
truck1,вантажівка,вантажівка,1.0,автомобіль (0%),True,True,типове
truck2,вантажівка,вантажівка,0.988,автомобіль (1%),True,True,складне
